<oneoff_inventory>
    <opack_version version="11.1.0.4.0"/>
    <patch_id number="21461025"/>
    <unique_patch_id>19770444</unique_patch_id>
    <minimum_opatch_version>11.1.0.9.0</minimum_opatch_version>
    <date_of_patch year="2016" month="Jan" day="13" time="04:22:26 hrs" zone="PST8PDT"/>
    <base_bugs>
        <bug number="21461025" description="TRACKING BUG FOR ORACLE HTTP SERVER (OHS) PLUGIN FOR 20324588"/>
    </base_bugs>
    <required_components>
        <component internal_name="oracle.wlsplugins" version="11.1.1.9.0" opt_req="R"/>
    </required_components>
    <os_platforms>
        <platform name="Linux x86-64" id="226"/>
    </os_platforms>
    <executables></executables>
    <instance_shutdown>true</instance_shutdown>
    <instance_shutdown_message></instance_shutdown_message>
    <online_rac_installable>false</online_rac_installable>
    <run_as_root>false</run_as_root>
    <sql_migrate>false</sql_migrate>
    <wls_prereq_oneoffs></wls_prereq_oneoffs>
    <prereq_oneoffs></prereq_oneoffs>
    <coreq_oneoffs></coreq_oneoffs>
    <overlay_oneoffs></overlay_oneoffs>
    <patch_type value="singleton"/>
    <product_family value="fmw"/>
    <auto>false</auto>
    <applicable_product value=""/>
    <products></products>
    <update_components></update_components>
</oneoff_inventory>
