<oneoff_actions>
    <oracle.as.oam.webgate.ohs_linux64 version="11.1.2.3.0" opt_req="O">
        <copy name="webgate.so" path="%ORACLE_HOME%/webgate/ohs/lib" file_name="webgate/ohs/lib/webgate.so"/>
        <copy name="libxmlengine.so" path="%ORACLE_HOME%/webgate/ohs/lib" file_name="webgate/ohs/lib/libxmlengine.so"/>
    </oracle.as.oam.webgate.ohs_linux64>
    <oracle.as.oam.webgate.iplanet_linux64 version="11.1.2.3.0" opt_req="O">
        <copy name="webgate.so" path="%ORACLE_HOME%/webgate/iplanet/lib" file_name="webgate/iplanet/lib/webgate.so"/>
        <copy name="libxmlengine.so" path="%ORACLE_HOME%/webgate/iplanet/lib" file_name="webgate/iplanet/lib/libxmlengine.so"/>
    </oracle.as.oam.webgate.iplanet_linux64>
</oneoff_actions>