<oneoff_inventory>
    <opack_version version="11.1.0.4.0"/>
    <patch_id number="21118593"/>
    <unique_patch_id>19002776</unique_patch_id>
    <minimum_opatch_version>11.1.0.9.0</minimum_opatch_version>
    <date_of_patch year="2015" month="Jul" day="2" time="03:24:29 hrs" zone="PST8PDT"/>
    <base_bugs>
        <bug number="19863201" description="POST DATA LOST ACCESSING AN UNPROTECTED RESOURCE"/>
        <bug number="20826997" description="MDC FAILOVER SCENARIO : RESOURCE IS NOT RENDERED AFTER LOGIN"/>
    </base_bugs>
    <required_components>
        <component internal_name="oracle.as.oam.webgate.ohs_linux64" version="11.1.2.3.0" opt_req="O"/>
        <component internal_name="oracle.as.oam.webgate.iplanet_linux64" version="11.1.2.3.0" opt_req="O"/>
    </required_components>
    <os_platforms>
        <platform name="Linux x86-64" id="226"/>
    </os_platforms>
    <executables></executables>
    <instance_shutdown>true</instance_shutdown>
    <instance_shutdown_message></instance_shutdown_message>
    <online_rac_installable>false</online_rac_installable>
    <run_as_root>false</run_as_root>
    <sql_migrate>false</sql_migrate>
    <wls_prereq_oneoffs></wls_prereq_oneoffs>
    <prereq_oneoffs></prereq_oneoffs>
    <coreq_oneoffs></coreq_oneoffs>
    <overlay_oneoffs></overlay_oneoffs>
    <patch_type value="singleton"/>
    <product_family value="fmw"/>
    <auto>false</auto>
    <applicable_product value=""/>
    <products></products>
    <update_components></update_components>
</oneoff_inventory>
