<oneoff_inventory>
    <opack_version version="11.1.0.4.0"/>
    <patch_id number="21663064"/>
    <unique_patch_id>19267923</unique_patch_id>
    <minimum_opatch_version>11.1.0.9.4</minimum_opatch_version>
    <date_of_patch year="2015" month="Aug" day="21" time="00:02:28 hrs" zone="UTC"/>
    <base_bugs>
        <bug number="20900385" description="FIX FOR BUG 20900385"/>
        <bug number="21305938" description="FIX FOR BUG 21305938"/>
        <bug number="21520649" description="FIX FOR BUG 21520649"/>
    </base_bugs>
    <required_components>
        <component internal_name="oracle.ohs2" version="11.1.1.9.0" opt_req="O"/>
    </required_components>
    <os_platforms>
        <platform name="Linux x86-64" id="226"/>
    </os_platforms>
    <executables></executables>
    <instance_shutdown>true</instance_shutdown>
    <instance_shutdown_message></instance_shutdown_message>
    <online_rac_installable>false</online_rac_installable>
    <run_as_root>false</run_as_root>
    <sql_migrate>false</sql_migrate>
    <wls_prereq_oneoffs></wls_prereq_oneoffs>
    <prereq_oneoffs></prereq_oneoffs>
    <coreq_oneoffs></coreq_oneoffs>
    <overlay_oneoffs></overlay_oneoffs>
    <patch_type value="singleton"/>
    <product_family value="fmw"/>
    <auto>false</auto>
    <applicable_product value=""/>
    <products></products>
    <update_components></update_components>
</oneoff_inventory>
